k,LB,UB,gap,sum_ms,ms,added_nodes,UB_node,new_nodes,as_nodes
9,-1.6117051558289255,0.1865062613461406,1.798211417175066,-1.7982114171770147,"[-3.0006869434916625, -2.365472048184185, -1.8801187758067188, -0.9546657118435319, -1.70718559922219, -2.483500388673923, -1.111416529253551, -2.7820722426862012, -1.08448199723749, -0.416690772700993, -3.0286462931185563, -1.3567798955318804, -4.169556372993588, -2.163897190145908, -1.3343858604699705, -0.6683321970779883, -2.133241081421414, -3.2588231954711757, -1.0090632252445189, -1.2825833439974605, -1.4499498949251737, -2.3632624908168287, -4.103621001585572, -2.02683454782483, -3.1394884647482453, -3.9646062915657776, -2.1401929094866197, -0.7824897714823761, -0.8576660766953363, -0.9369023925404469, -0.6600125237521671, -1.226963916745505, -2.6244117042731103, -2.144726332167461, -2.4303845837848828, -0.8318954395892435, -1.8916857859791323, -2.700679824117294, -1.4818136098444898, -0.253638069149155, -2.27824863298979, -1.9861647100366844, -0.9109870276046704, -0.7676259886864408, -1.2634259550440101, -0.8615158235501955, -1.8870767201018819, -1.555270029192973, -1.5837828676847556, -3.385525663123281, -3.7046488491100336, -1.2629508477951978, -1.0155644257138352, -0.47748882571886153, -2.086361044488281, -2.8481835960363675, -1.1845770903372008, -0.5329301083192494, -3.171909974590311, -2.3448109077644235, -1.845835098694613, -1.0294588867584067, -1.283685849692314, -1.1333669606711043, -0.5005218844671897, -0.6351993207486384, -2.384443828306024, -3.5547082723663577, -1.3468908258613554, -2.0441986103093113, -1.9220372925904665, -2.94032815457884, -0.7790770737018557, -0.5339413423668401, -1.2632247102240717, -0.8192475823039661, -1.2555391037056065, -1.7645707019812296, -1.5079549376240347, -1.7845683457009425, -1.51083069870187, -2.0919084537330894, -1.0945495771350924, -1.545257357651698, -1.641732174178349, -1.6765680613701903, -1.3548324642558944, -0.7287338640391275, -0.9904155309971275, -0.5919852451971566, -6.9494672389691585, -1.3098442533889334, -4.379816694840001, -3.2653826550341445, -1.289996842845544, -3.416274236627152, -0.9484346631351152, -1.128659835937987, -0.46756728629863764]","[9.853651457715013e-09, 0.8563347317760156, 0.8563347213176169]","[10.0, 10.0, 0.0]","[0.0, 0.009900538889359893, 0.009900538768449424]","[3.9007114612311193, 1.3181867814258295, 0.3985496797003679, 0.45271689769596524, 0.17764306279950365, 0.2956157280989043, 0.1640184564624242, 0.24791484025329613, 0.6059916269403635, 0.739231359534609, 0.7480820331755086, 0.6700547443052408, 1.139862239908294, 1.5039993332987998, 2.5919335127038425, 1.812648907798228, 2.4553649142689684, 1.717583596957584, 0.8569483796411648, 3.0782391958286577, 1.709180903201565, 2.8037758905640247, 0.6059916307305773, 0.5037569921700386, 3.160083355242176, 3.1940698510691736, 0.6382666968682915, 3.524072919585966, 1.1080517697812653, 3.789721819371105]"
10,-1.4759649790924194,0.18650626134808887,1.6624712404405082,-1.6624712404405084,"[-2.810316916363551, -2.2167130120963248, -1.655130977717314, -0.9735649913714922, -1.6098817238380831, -2.302525215898398, -0.9968425426478343, -2.6308173952522633, -0.983806159597064, -0.43513307983706573, -2.853990147301613, -1.189286644514949, -3.959173429560293, -2.0429388073026824, -1.3341712772712377, -0.6038483752208615, -2.1115558922381528, -3.1941999444472398, -0.9352502395449757, -1.2795239618721437, -1.4649286659187637, -2.139166368757289, -3.7307944178931813, -1.8172811744420097, -2.841908674541189, -3.4635624158160736, -1.9183137082323511, -0.7668053741721714, -0.8505041412423329, -0.7815694365817047, -0.5762449408586121, -1.1372126346526925, -2.4812059512381945, -1.9105738175041116, -2.2950100731981773, -0.6968419469529981, -1.7320107001872151, -2.5908253869282056, -1.3726810852391729, -0.24247098605027664, -2.217301175250298, -1.9403306665839497, -0.8828052603830362, -0.7287068765594935, -1.19989716048994, -0.7912334142721216, -1.7085441288773926, -1.4852667730004327, -1.4606026245801866, -3.0504738028396314, -3.3880836635660363, -1.1758813847868896, -0.9758867325860707, -0.48025216612614563, -2.000240102147429, -2.3703667219568922, -1.147354257789495, -0.5137440277614835, -2.979689755682704, -2.0437090074448587, -1.6352347026574923, -1.009070304673066, -1.1297502213310542, -1.0525332185171277, -0.447310490471108, -0.5817651602197907, -1.9952862688187085, -3.3346884702773547, -1.2811220329085768, -1.8649152695751368, -1.5810244790883476, -2.651246540746116, -0.765125900245504, -0.47802102562644355, -1.1448365387058852, -0.7468063596048726, -1.201615067345557, -1.5088239376239103, -1.3722971923401495, -1.7158719679556562, -1.4052060810718885, -1.75822074406516, -1.0599189451281743, -1.4475560737569004, -1.5185148826502148, -1.6308242021963655, -1.3434629686447914, -0.7206248451597335, -0.9106747892293119, -0.5143271180412654, -6.511346253025845, -1.1937482912660133, -3.973110032854284, -3.0539867647197148, -1.190625404745872, -2.943214187601227, -0.9221687112964054, -1.0327882481922956, -0.48803677424818254]","[0.0, 0.7461742272139147, 0.3933764038614368]","[10.0, 10.0, 0.0]","[0.0, 0.009838911550336914, 0.00983891143017907]","[3.054419096960109, 1.1867089872052414, 0.34648658479347566, 0.43009854751704346, 0.1451846281587174, 0.26056158183010303, 0.13934526659343766, 0.22404360932716605, 0.4845904974609589, 0.5891054901988855, 0.6854251677567076, 0.44164812951461163, 1.2899124322545688, 1.0158416042578358, 1.8754456428979405, 1.2477399406537044, 1.7245679238894227, 1.3632288461032307, 0.5728126550020387, 2.2793815786102436, 1.1520965496650526, 2.042424239377548, 0.48459050147917604, 0.4591413896336555, 2.335157650592995, 2.292803316536592, 0.4999677941608272, 2.6786720806863014, 0.948770289228897, 2.9148343917708153]"
11,-1.4182429001565695,0.18650626134808887,1.6047491615046583,-1.6047491615046585,"[-2.644232312377108, -2.1846419246066997, -1.7121552593852178, -0.8737341909469188, -1.618830448980604, -1.9999641502579304, -0.9590768920045394, -2.609488449865104, -0.9758348576812113, -0.4329593553739639, -2.7358715593998006, -1.0708046554645125, -3.6850638879129836, -1.9763021679444683, -1.3268255124369737, -0.5552492847204699, -2.111553317399667, -3.180341440663411, -0.9070074769786317, -1.2825195431072705, -1.4567868682092238, -2.137910076710857, -3.705334850111849, -1.6133608057070352, -2.7913337410856487, -3.286445648630417, -1.8587879636538998, -0.6823730084740389, -0.8465932518307164, -0.7315065415045462, -0.5408952877877503, -1.0482457408365171, -2.474872795969979, -1.8507383785449067, -2.280642086405061, -0.6802673182798247, -1.3856655856166367, -2.595360702455267, -1.2754483931167817, -0.2228454100596661, -2.206123131357969, -1.9327665693724083, -0.7290173871665544, -0.7216946402000254, -1.2222339325210485, -0.7738866848761196, -1.5693052394257005, -1.1406021079786726, -1.5218776625371935, -3.075189848068109, -3.2611314416995727, -1.1758728811262802, -0.8571027101743385, -0.46434491517586823, -1.8833307435110775, -2.1866455373662457, -1.159701909158649, -0.5254367749454646, -2.9688377515611064, -1.925392183370434, -1.5979455536894274, -1.0118830235880931, -0.9409156948126349, -1.1004303262386461, -0.44828818846858065, -0.6334200477184925, -2.013270299356655, -3.079834644888594, -1.1528147911443178, -1.9031332479677596, -1.5678128423981557, -2.381499376654469, -0.718317860513864, -0.4301669092807425, -1.0342517916435507, -0.7075164668001748, -0.896774440434392, -1.434077701257766, -1.3696954479971246, -1.7158719641699076, -1.3942367126858595, -1.74736422106472, -1.0466101032406003, -1.4518346032544849, -1.438708426245569, -1.633702896026259, -1.329871278977739, -0.7261403059080429, -0.8625277583527104, -0.49161221151653967, -6.503025561329344, -1.1878898108249178, -4.006783019131913, -3.182286835692764, -1.0626774398353982, -2.7149936647142514, -0.8486912947431777, -1.0068885992312937, -0.48803643307124434]","[0.5197658842488697, 0.7409465815897415, 0.0]","[10.0, 10.0, 0.0]","[0.0, 0.00999497561294094, 0.009994975490877162]","[2.8069996617289235, 1.1825296203980762, 0.7522422618828908, 0.5267211031587535, 0.23108238667973857, 0.32429447742975603, 0.21779133974040812, 0.2899162770839087, 0.837092459732342, 1.104889683302947, 1.3273267555372685, 0.8616762071223741, 2.0593090628452093, 1.4853101481356061, 1.4389856250760216, 1.7825714444621257, 2.0425085166698276, 2.087151872898743, 0.9666645521231931, 2.4548898457658312, 1.609785944344463, 2.3337956446286148, 0.837092465937174, 0.5443178359857888, 2.424262389061011, 1.8359045939737328, 0.714165070626667, 2.6144037961489954, 0.9605292448197037, 2.6654067391901304]"
12,-1.3721653188012004,0.18650626134808887,1.5586715801492892,-1.5586715801492896,"[-2.6696550801576397, -2.192035685353348, -1.7432199738310863, -0.8036336487718505, -1.61613912938998, -1.8933389140280437, -0.8889290397252972, -2.632132524165356, -0.8794817974616427, -0.4340171488912918, -2.394993863124529, -0.9142869847074185, -3.9672927002743013, -1.8099842607771253, -1.3343842183102608, -0.5334253642121467, -2.109559535377049, -3.1804101481723297, -0.9066617333244316, -1.2621223788494806, -1.4648826282854284, -2.1213946376810506, -3.93127231776906, -1.6255577665542689, -2.7874002334928227, -1.7787972262640044, -1.829487272211717, -0.6119851115422873, -0.8456272243243782, -0.6347283912473466, -0.5308648056941854, -1.0460193099605721, -2.472816767310698, -1.807699185170361, -2.280643760973568, -0.6658169238174979, -1.4485488463365996, -2.5970050470379755, -1.165979862252812, -0.24199199999728255, -2.2058422187287245, -1.937211765364656, -0.706225614368784, -0.6659492788091118, -1.1843382205210875, -0.6714704559227738, -1.5901933489995659, -1.0242940698339424, -1.2658845417074125, -3.0478897713354773, -3.1752195410357666, -1.053659830181763, -0.8567494908738658, -0.42269782923304255, -1.625355706028943, -2.118937739230918, -1.1595218485241383, -0.48781935175574587, -2.918037987262532, -1.907676993745986, -1.6250879012986634, -1.0147717145712143, -0.9749799520756899, -1.1004301959677054, -0.49742763851507776, -0.6264900952004363, -1.9340343509945206, -2.9392799149507955, -1.1185273214768205, -1.8625922028455386, -1.5759292519500918, -2.5356468655365267, -0.5653582274886839, -0.5078738510976654, -1.043090205362265, -0.7011053985836948, -0.5865339018042444, -1.4481328024738556, -1.3032905963584522, -1.7088967733543354, -1.3915091110575593, -1.7312223915256628, -1.046286553053077, -1.4327634327191126, -1.4286110740749285, -1.63349631068167, -1.3434629450367463, -0.6824809385824684, -0.8070794925361586, -0.4619216234145299, -6.220688291559132, -1.097414085383809, -3.9927409903492697, -3.1826262606719675, -1.0424555170454237, -2.8054320387773046, -0.7859044199222218, -0.9859571877048732, -0.48775555848474444]","[1.4947602784415592, 0.0, 0.0]","[10.0, 10.0, 0.0]","[0.0, 0.009941476044652231, 0.009941476044652231]","[2.1797722248545828, 1.3000648607286673, 1.2489330241266328, 0.920157148285882, 0.5047919667631662, 0.672334873584036, 0.506146468995879, 0.6552222264982754, 1.3674862923853148, 1.6556694781703085, 1.6948231879700302, 1.219823885830568, 2.153176467228779, 1.7957254042084279, 1.444105079563699, 1.7835998172129217, 1.994465574611369, 2.019370889361112, 1.4595509504194675, 2.065535192871173, 1.8003511875939064, 2.0167098848079004, 1.3674862976401512, 0.9022338979102322, 2.095537318924037, 1.7899644572003632, 1.1332586323642884, 2.1391509955733907, 1.108367641965249, 2.140089847564581]"
13,-0.9442479066809001,0.18650626134808887,1.130754168028989,-1.130754168028989,"[-1.412549506124181, -1.3690959018026025, -1.2654755202315742, -0.7751536086801731, -0.9550191369474774, -1.618135367376565, -0.9234780088492986, -1.4481317282211246, -0.34301618069984063, -0.21784280991109295, -1.533220030278257, -0.7406882276317526, -2.2268757570017423, -1.4783347924414056, -1.3311679254456856, -0.2147277130584488, -1.0933735662310275, -1.806255939916507, -0.9066617166955585, -1.2823284666281083, -1.4560827314188123, -1.7758234723525854, -3.5592207353733967, -0.9984617232928381, -1.5980157178539607, -1.6886939835537955, -1.3153179933102173, -0.6118771779155857, -0.4797898127708077, -0.6423405569288417, -0.4579765053201048, -1.046288614565977, -1.3789249713658494, -0.838941971211377, -0.9299609015975352, -0.33229653336706977, -0.6378439858726055, -1.0964516788137542, -0.7935347171194274, -0.09912192859702773, -1.871429398284039, -1.9340285631509428, -0.7049244279349913, -0.2564178950645416, -1.052777307018948, -0.46271068514171293, -1.5901934194192675, -0.9742370883048912, -1.2658100530405842, -2.3445075342137107, -1.6877784366442494, -1.1758730094192336, -0.5420834539478195, -0.38895457285532964, -1.1789514729109194, -2.0163932092963535, -0.6754468743426856, -0.21174068074175756, -2.844238060669648, -1.9466552968423256, -0.5653323811795503, -0.6081726046610209, -0.8822441096201773, -0.6998042144424181, -0.4195709280558877, -0.6171019261769443, -1.9716437324879572, -2.008880993978431, -0.4715234723898949, -1.0788157752372007, -1.3120033048277358, -1.5795272896162644, -0.5020201901974394, -0.21890274311499675, -1.039989949693515, -0.6948125591277244, -0.5853004127648513, -1.2543201033619789, -0.8518160896783201, -0.7444383209043983, -0.6629718755131865, -1.4655546856165254, -0.5967897345781972, -1.4518403199789776, -1.3252754519739474, -0.7737543466680503, -0.909207186601254, -0.6828184960492618, -0.5633047520870006, -0.1625391756243067, -6.191771736154103, -1.0880877697990117, -2.038232299383369, -1.690441351142933, -0.9316003143086319, -1.8886729335162558, -0.6350926561359537, -0.6700844849294326, -0.3067529072748065]","[0.0, 0.831522726192993, 0.0]","[10.0, 10.0, 0.0]","[0.0, 0.009874816083337103, 0.009874815962740773]","[2.348063025570599, 1.1386248649255022, 0.224070511434124, 0.4451414448473808, 0.1416967751190219, 0.259100104742271, 0.1350536670990821, 0.226180059763481, 0.5424869666296176, 0.6902185354421793, 0.6104869117147772, 0.401939261277351, 1.2175784818559543, 0.9673606836239815, 1.5281407646190037, 1.0827075966093243, 1.4787865812771026, 1.181233574187679, 0.5781243368903174, 1.8424615754718425, 1.045491590849021, 1.6766542122306634, 0.5424869712254392, 0.45685356049346965, 1.8902970867432662, 1.8193500072131235, 0.5033381933635112, 2.1122296529850764, 0.9000321498523738, 2.261109602688402]"
14,-0.8411145955303286,0.18650626134808887,1.0276208568784175,-1.0276208568784175,"[-1.45747940843513, -1.3029783575725016, -1.261995300085572, -0.5254410527883124, -0.8631518187538597, -1.6181440283764719, -0.9030978754851025, -1.3874689209914175, -0.975940070736171, -0.3119629517990555, -1.5202024234767704, -0.9666361679571382, -2.2903560858112457, -1.0161777941916574, -1.3234039977907655, -0.3710123192298185, -1.1208147432413957, -1.8026395520790106, -0.9069154740631739, -0.5229551955001466, -1.4069936509398844, -1.776528594989427, -2.4739651749276925, -0.8242534963923753, -1.581674193345871, -1.688691710281864, -1.0893095942229718, -0.6119390828777184, -0.46545042864263375, -0.6417094123689434, -0.45783473487772613, -1.0500487366959943, -1.3765757890888684, -0.8388920211202207, -0.89372905104831, -0.4577164610282477, -0.6379991985215674, -1.0949225231921598, -0.8850862455344277, -0.2419919437502458, -1.1148809937812478, -1.0588762502483318, -0.5738718333793238, -0.2611433068582497, -1.0405732567450208, -0.46898793475767153, -1.590193424828783, -0.914614845598973, -1.2573170855198619, -1.6801647413025718, -1.670237559882077, -1.1743210141660587, -0.44552253449537693, -0.31744861953630693, -1.1398762302197911, -0.7375107864184365, -0.6938748746971493, -0.2266950581580005, -2.4231215762868406, -0.7955995698142826, -0.6582203951157246, -0.6109905211678033, -0.8775017619699089, -0.6993440977481231, -0.3251773602924416, -0.18766209973878778, -2.009323325516568, -1.974990534862262, -0.4684356939632296, -1.8988930915377669, -1.2363724342588713, -1.5759536993969805, -0.4153513220255819, -0.4930005227144102, -1.037575878305497, -0.699989690225385, -0.5877661425856195, -1.2433006092745695, -0.8118266156883985, -0.7467859810946953, -0.6629274206618981, -1.4797483561761515, -0.5911039267812442, -1.1591115774870095, -1.3875861948913617, -0.8360220038360482, -0.8774483219275787, -0.6771857898453764, -0.4633973358650392, -0.4904180239790282, -3.5891264050735856, -1.0818971823406698, -2.038362804109914, -1.6904433923725182, -0.3817914550191306, -1.8886729335175667, -0.6526867669295504, -0.40457702289075914, -0.29457906087006336]","[0.0, 0.24521280396649983, 0.24521280097183504]","[10.0, 10.0, 0.0]","[0.0, 0.009780427513249876, 0.009780427393806268]","[3.06424281366598, 1.0339659548714613, 0.3903951156127607, 0.36003616261993227, 0.17341846112874315, 0.2677648252475783, 0.1604923739186755, 0.22845098414138915, 0.36850527626649177, 0.5492904335814708, 0.7343483845885426, 0.6061001947418083, 1.0218260987848116, 1.281225016332919, 1.4145646244024852, 1.535665899701955, 2.0468945063090667, 1.7112431045518663, 0.6898342439023423, 2.483446571986313, 1.4339780102360065, 2.284191475939379, 0.3685052778314611, 0.4070710881689611, 2.5568976641409478, 2.0500404783556743, 0.35996135368939947, 2.809058121277923, 0.7894088053140382, 2.9186909521545115]"
15,-0.7350575584724104,0.18650626134808887,0.9215638198204993,-0.9215638198204993,"[-1.4108882887051413, -1.1416520103095649, -0.44294323808129343, -0.806433670647773, -0.7897037045830506, -1.6218992609432197, -0.9215296301306469, -1.3804995251006882, -0.24269091509736507, -0.161343224786075, -0.4765304127709644, -0.9666361516884819, -2.1890020448298197, -0.4783906436040679, -1.3343823611218026, -0.3590729944144624, -1.0670744227743445, -1.7003638655697797, -0.9003684742235031, -0.4674957234599425, -1.460033647564833, -1.6255580315523683, -2.406099348059726, -0.6082429437508806, -1.5152418226032465, -1.6889528093782045, -1.3136749888515658, -0.2183382948031754, -0.2861183747345863, -0.6366551642854834, -0.45796779897338374, -0.7401069096411886, -1.3909875669776668, -0.8377266500695462, -0.8768816432039599, -0.2835057039522185, -0.5017177645110404, -0.9673083739550796, -0.8666494250093404, -0.052996957576818604, -1.103326901362561, -0.949776320310467, -0.08813029792003546, -0.2270638522100703, -1.0405732567450205, -0.17144017897739616, -0.6722345335929929, -0.39383438345767185, -1.2646809725657584, -1.6618916582159908, -1.686481170866033, -1.1758326642779133, -0.5419240739248182, -0.11221511363199255, -0.9522565757463239, -2.069602805799769, -0.3774193769394256, -0.3482596748105091, -2.4231309736510536, -1.6476793578439763, -0.531282871264207, -0.6044416748578336, -0.2793240828557003, -0.6989142945705893, -0.1511324266187128, -0.2324892196266768, -2.0093233255165677, -1.971607997956165, -0.5820886113919816, -1.8952526789735236, -0.46722678684529706, -1.4947568951045374, -0.34090438443184, -0.5078502902180368, -0.40794181381527084, -0.6951382923079267, -0.5505478089519851, -1.2484583286213544, -0.6847090713173427, -0.8091809794690847, -0.6073453749685901, -1.242114289367687, -0.5860700563870751, -0.2718493728528598, -1.3842301348421113, -0.7633987803849649, -0.8880419670109332, -0.6824816012840345, -0.28598155590340446, -0.49161219143006507, -3.043867402206776, -0.5186077205387373, -2.038746087167421, -1.629770296727562, -0.7407605165212623, -1.8768368776296231, -0.6310684293958879, -0.6731649213836794, -0.21487982636602476]","[0.0, 0.0, 0.7722546504764435]","[10.0, 10.0, 0.0]","[0.0, 0.0, 0.0]","[1.7320601342215063, 0.2271751477651517, 0.8884032609271834, 0.18096633922142188, 0.20184781725465634, 0.1742423703785478, 0.195953914528722, 0.17149425359864176, 0.5719764407682453, 0.8656314267393257, 1.1297207030827927, 0.7766570012561611, 1.5033233760332516, 1.1067298889589052, 0.815141611417363, 1.2932777774569442, 1.4106116043531325, 1.4756986514849832, 0.8004651013555528, 1.592417827988078, 1.2012325917653022, 1.5415626604286494, 0.5719764432299115, 0.1855363445418712, 1.5810911277155382, 1.20357001147253, 0.3861347660082878, 1.6582190220999105, 0.2493042047595836, 1.6720139520217574]"
16,-0.30712234191370386,0.18650626134808887,0.4936286032617927,-0.4936286032617928,"[-0.9183529422560133, -0.6141617730731816, -0.4810973704469639, -0.2654957642903111, -0.29964984497110914, -0.8216769866526241, -0.36376502775947683, -0.9172013241528254, -0.20564118344397134, -0.16038054699190613, -0.9320636602747054, -0.18171051602704302, -2.116586645772841, -0.7456690629492497, -0.23448298428891223, -0.11526623539446657, -0.30745541819605604, -0.5875575225889058, -0.41319045677975613, -0.46749585769575275, -0.42985235903823216, -0.9732123281784666, -1.4562163585870178, -0.3902881109360141, -0.5667913879702202, -0.904796733975882, -0.4257844329531817, -0.1294623947584277, -0.4473053265489081, -0.17204494578807938, -0.175049744267327, -0.32468804625383174, -1.2071446646171315, -0.32339571388788313, -0.48385911729134434, -0.3151318461143038, -0.3247420366148024, -0.6318379162710405, -0.2819418017772204, -0.05655381412740412, -0.3886850805391735, -0.9497799863647423, -0.0881302979193016, -0.1980420472453881, -0.4797722539720909, -0.1717649013687077, -0.37475841301587587, -0.4004311624458676, -0.45525425061267866, -0.8253891176247081, -0.7391672445983279, -0.557053930133995, -0.299073179409555, -0.12944703556142112, -0.9580027003577203, -0.8021423029904968, -0.6938743568541558, -0.17239573665590746, -1.4559247980316325, -0.35960861427141166, -0.3470598836065706, -0.5587539820927432, -0.1753263947599042, -0.4213550925876022, -0.10829352830742034, -0.23279405274544995, -0.6070180699641974, -1.1814648943862076, -0.3675693028027618, -0.4993914900569941, -0.2933973548000899, -0.6473684181578394, -0.13064924556007396, -0.07053561627900684, -0.22947923031853912, -0.28129341243075145, -0.25850467709499836, -0.5717319708292122, -0.5493550610386826, -0.20275707203541615, -0.23805210652158681, -0.4656951959228932, -0.4651814878116677, -0.42844099794613544, -0.4562027678192304, -0.615085694547181, -0.6086345883129496, -0.1253294360928287, -0.12589398956745013, -0.09465417961159961, -1.6288888536098094, -0.5184803499613944, -1.0613367456062563, -1.6297695117142668, -0.11601242579476329, -0.4089633600456666, -0.19003311803142886, -0.20730883845807002, -0.08347171175190826]","[0.4365550247456252, 0.0, 0.0]","[10.0, 10.0, 0.0]","[0.0, 0.009911641390708143, 0.009911641269662085]","[4.1200802648763295, 1.4485536717602032, 0.6078467345875291, 0.580276568067762, 0.22517488904673394, 0.3446522528579796, 0.2075740572031098, 0.29873191010190087, 1.3432343482939602, 1.699346358414174, 1.4561814849529147, 0.9683429481891499, 2.4180639403818596, 2.3267196100666134, 2.697160891610084, 2.3059986816597626, 3.0841596834314515, 2.6718546564357397, 1.4099299008354103, 3.476683196860954, 2.318845650707891, 3.2404123871402675, 1.3432343606811792, 0.6176939146539788, 3.6001456871947637, 3.2334138581031775, 1.0961343128456957, 3.8580115142096263, 1.2657026852636408, 3.9877050394968583]"
17,-0.20409869543483605,0.18650626134808887,0.39060495678292495,-0.390604956782925,"[-0.7286765549388514, -0.4892194831786256, -0.48109739741097113, -0.5083315999014248, -0.2996499841728175, -0.2820053086006604, -0.41267337694067896, -0.5889427572871866, -0.20196411934156977, -0.43514499240407417, -0.4190478787118632, -0.049081865534093216, -0.9098266405571307, -0.343742688820306, -0.35475790760293535, -0.1999850522894241, -0.30519539029365417, -0.5760165113846288, -0.20762997946478223, -0.4674778300188168, -0.37938836894154804, -0.3859683488116564, -1.1214412051198819, -0.5556428524334752, -0.35287267333066774, -0.5499379486423519, -0.5104160904559694, -0.22168463274935313, -0.46479711970929755, -0.0767745902282102, -0.12114432865322411, -0.1854294603706923, -0.5251499134153925, -0.8378152529027191, -0.6396351898628226, -0.15501314037534797, -0.5796851295647583, -0.5190294827390407, -0.34763915383952726, -0.05299677843453293, -0.39636813101880364, -0.323721242074025, -0.21629785228391143, -0.19668748552160953, -0.24177266261920843, -0.23138061343935024, -0.27335107388380014, -0.16703883712631007, -0.5924414662325413, -0.6632578733004297, -0.9531689838015831, -0.5844795667375824, -0.10321922162121133, -0.3910320930779395, -0.4957209742781482, -0.21069488427896488, -0.29577732342815366, -0.17244907533593667, -0.6860955306397845, -0.5005724290460226, -0.5596027413004329, -0.2921240479619277, -0.17532634355332155, -0.42136306480254593, -0.10848478446949983, -0.2615583366777805, -0.36795810976742394, -0.7504960432937429, -0.4889184717974101, -0.583092263087847, -0.1791349010911807, -0.5874303987733365, -0.16517118238448447, -0.10125951578029146, -0.1646917570588522, -0.14465765217102033, -0.1559840640394159, -0.33821066768585994, -0.47067344040715664, -0.39764035203534687, -0.19078111898544897, -0.28621254587938016, -0.17976948346521526, -0.2718486983646393, -0.2947374954998829, -0.33597550036426743, -0.4346957186896312, -0.12533736213625066, -0.42186007118820124, -0.04987766784046499, -1.228273627560272, -0.24056426538087117, -1.120562477003034, -0.7866478028095097, -0.11600992980820463, -0.5391094289712568, -0.18335066319557647, -0.19994824106509634, -0.4120941859832207]","[0.0, 0.10116806544184588, 0.10116806420632948]","[10.0, 10.0, 0.0]","[0.0, 0.0, 0.0]","[1.6554114411449352, 0.15744579194681674, 0.6952272750895563, 0.13543858829059527, 0.1510939406009145, 0.12972755625546475, 0.14475219242697338, 0.12841083945317514, 0.5315754575345744, 0.8446421356158546, 1.047007115148298, 0.6536130964444178, 1.5086307211752044, 1.0553194618549022, 0.6901460063448801, 1.1725127877001293, 1.3468689573235828, 1.4210235661575792, 0.7309094396326913, 1.5000574013464871, 1.1193276146918865, 1.4413523052721384, 0.5315754602028622, 0.1392780461943556, 1.5103156667410578, 1.0923522062696138, 0.3302395194275815, 1.5843861194927118, 0.17766487897137026, 1.5906245209768657]"
18,-0.16373400150357117,0.18650626134808887,0.35024026285166004,-0.35024026285166016,"[-1.1906055546524748, -0.3180474997471425, -0.407604885102002, -0.1335768669803179, -0.46320826814304705, -0.2431828771666844, -0.11854372181230888, -0.5430935826499033, -0.05328473689612068, -0.4086130697179128, -0.3968100614396399, -0.2001914946850899, -1.0228060205284035, -0.5271110725497943, -0.020033365657480928, -0.15877718722275547, -0.2730904794053224, -0.7185314812320851, -0.06753547436547913, -0.2802198609949862, -0.3820950503001281, -0.33036446111000817, -1.0940691134029685, -0.41970117661404394, -0.09293654159743969, -0.5494891567316, -0.32730628234652975, -0.28646843909835495, -0.07750241505746136, -0.11111482683839757, -0.09091423479364724, -0.10004343467484711, -0.3975124410585744, -0.6563204826838032, -0.508646315701549, -0.3674580923329822, -0.3720654379147046, -0.23539637802245572, -0.27630348535193394, -0.04392249683765209, -0.1559991243318969, -0.09711407709158992, -0.10424088438740531, -0.13194722239802342, -0.24177218747964913, -0.21884854497097983, -0.27216938735553886, -0.11076008212165364, -0.35013441475047546, -0.3541680050853806, -0.7335628584590907, -0.5845219653866429, -0.051805484100380605, -0.30567659235269434, -0.5111122339638842, -0.7646544320052877, -0.0994606308100281, -0.3358373684755117, -1.760648682194553, -0.20729205985435062, -0.5238442007266026, -0.4717896822876617, -0.2828052185116645, -0.3772555233787419, -0.10793494769482487, -0.2618036767153264, -0.5139391102972866, -0.5378636002386497, -0.15693264790841763, -0.5026482780588843, -0.3959452627191815, -0.3029202225449308, -0.16319842040084814, -0.12269564826203955, -0.11287345751067268, -0.2152742199124501, -0.4305010100366512, -0.30293236379205946, -0.21492021988431098, -0.23101667962241562, -0.658408617724754, -0.1832514199026507, -0.2745278203836973, -0.10287225838933312, -0.3806323803778835, -0.16468900574800927, -0.43847967622019174, -0.048036626488609624, -0.24288080853673466, -0.008004588055891992, -0.8921765845826881, -0.4159080458199873, -0.5721960556964847, -0.5532775120851503, -0.18233718257397302, -1.0559339402322734, -0.05121248031921721, -0.2521699606655172, -0.31147260701463264]","[0.13568449352684814, 0.19342354837072404, 0.0]","[10.0, 10.0, 0.0]","[0.0, 0.0, 10.0]","[0.7002197381198978, 0.9223140531595408, 0.32918190893175864, 0.43913980524662544, 0.14858267864736582, 0.24893797915884344, 0.14616378791660173, 0.2289799759418389, 0.4630214488694653, 0.4930114432155137, 0.4365271924657812, 0.28338925660268555, 0.6103598782769031, 0.5456651241892869, 0.5229092899642326, 0.4837750801894344, 0.6125793766948104, 0.618402390804768, 0.38733367762531773, 0.6277895075154244, 0.5061223910968405, 0.5990559015477716, 0.46302145273014833, 0.43017173892536387, 0.6567877062084155, 0.544064681173835, 0.4328335717386509, 0.678458572942222, 0.673502695522314, 0.6771566932843864]"
19,-0.0848226837333299,0.18650626134808887,0.2713289450814188,-0.27132894508141886,"[-0.20850658785623993, -0.15564166145753067, -0.2619577730544774, -0.5412153683431469, -0.23884205475651699, -0.37108072234835887, -0.26221170388344117, -0.5183200620381447, -0.27962925945358974, -0.1619112630843118, -0.42205346835178315, -0.2911048096885885, -0.3008843978036264, -0.09347497577534014, -0.3547572407725592, -0.18738547603816125, -0.37610250889299335, -0.6937634260536671, -0.13738674625821679, -0.45479519011023595, -0.3793870036246165, -0.20249948353954783, -0.5144802498450136, -0.39995334952168526, -0.2204415424713393, -0.5499379481465341, -0.10285963636877504, -0.22005396524170412, -0.3369806134691881, -0.127549790845225, -0.09720361400221239, -0.2143651396795047, -0.19397965857303268, -0.28276645420632196, -0.22954688463323736, -0.01010274444800019, -0.2310528998771808, -0.6455702569189303, -0.35943776468486055, -0.05299689523557809, -0.12037283407803168, -0.09711417705390746, -0.1905632171664044, -0.15575430618959374, -0.34458702616536097, -0.07936836187057683, -0.6146009099309893, -0.20229146839425421, -0.10867915424819197, -0.38941179727747277, -0.4140115388436112, -0.3051991058835881, -0.1473245249985245, -0.022213075658883308, -0.13976315128512806, -0.8021417779010839, -0.0994606240738396, -0.16574258746657572, -0.509964539979715, -0.5005702155669842, -0.10144756784278774, -0.10914235909811798, -0.17532736035168567, -0.4214327062652803, -0.06889814366461938, -0.19420714696400265, -0.5139396314772726, -0.4628821277964681, -0.023892577268035398, -0.47906152894257054, -0.3795986371739727, -0.4763235529572949, -0.03665606396429444, -0.10764600395365537, -0.21843539593564015, -0.04553211740679253, -0.21046249857422972, -0.519948997578475, -0.2082033388118798, -0.16577679223442665, -0.08835589418055878, -0.11780126085700982, -0.15711503838574592, -0.2718489128080562, -0.29473735961253544, -0.33597548228239976, -0.43467451193798423, -0.1253291936724495, -0.033945712970720576, -0.11503327730285623, -0.44554058440521604, -0.1806103802484948, -1.074614291801702, -0.5532881665000895, -0.01998440731618567, -0.28122219014054173, -0.051212780865237395, -0.22709131861071297, -0.04304526551432311]","[0.3481803864125971, 0.3481803864125971, 0.34818038641259713]","[10.0, 10.0, 0.0]","[0.0002011919485644444, 0.0002011919485644444, 0.03932639042071227]","[3.7781784167019685, 1.2177617385364965, 0.21716682282573171, 0.38552001008465003, 0.14760185909675905, 0.26256373033127756, 0.13794743487563943, 0.21567007985764405, 0.46523849301199394, 0.5788072757320031, 0.5168471102304814, 0.4752135145406178, 0.8230381293755445, 1.444707645023749, 2.3635608971876776, 1.478500752211129, 2.3965905287959353, 1.5291177087389363, 0.6963781249058086, 2.8309879299844067, 1.5283853205688904, 2.511456739334205, 0.4652384969099826, 0.4497832271262645, 3.076634191801342, 3.049628050790101, 0.5253282881958672, 3.4227619985661004, 0.9999672241552425, 3.6688382078116053]"
20,-0.01216168231657912,0.18650626134808887,0.198667943664668,-0.19866794366466808,"[-0.2848027819967034, -0.3472439073715359, -0.08271818342982673, -0.39480499068089825, -0.08946558081865108, -0.07743689534739051, -0.20700444229939996, -0.5956217367772346, -0.27962895368269924, -0.12936079337507067, -0.16899741203132468, -0.2687750548141845, -0.31295822488755354, -0.17996369685493074, -0.01567718142654928, -0.1899591286887281, -0.29845878478237164, -0.5250822837928601, -0.1377641793212031, -0.2802197441003984, -0.041932526427357564, -0.09382077004176992, -0.9771091866747783, -0.02739118944311114, -0.09293671256367331, -0.31446771484510605, -0.10476947623693075, -0.129462407334401, -0.07635614395758394, -0.045651807829757196, -0.09803027598003372, -0.06917945888734484, -0.1679325255152615, -0.2968575451823292, -0.2295474265968256, -0.15514378860900024, -0.2680417589339874, -0.28726857904259107, -0.24037595816864699, -0.05299684038272487, -0.24261509479788812, -0.1411571991295546, -0.061180543541726196, -0.010876746272449278, -0.08284787751099199, -0.11904540858484647, -0.2721693873747678, -0.13573840341135457, -0.04718335264577078, -0.3517028895357539, -0.3252180378077951, -0.3051962093200786, -0.05152991809725954, -0.018344228976747062, -0.49288575045598226, -0.12133214772254952, -0.1757509269469938, -0.14181222598618765, -0.6072118618558298, -0.051800707357254616, -0.3441863374442877, -0.11063867730757848, -0.17532654203707976, -0.2515711882332494, -0.10848477622733166, -0.2669567510424325, -0.02847349680425504, -0.23913531654643672, -0.02389276862649803, -0.022671649918073467, -0.35411308347935877, -0.44025273936778664, -0.03665651444102758, -0.01210758186722205, -0.1218425835649227, -0.11391312562624543, -0.06533935753931841, -0.5418957058106436, -0.10465056583136012, -0.20858468442574618, -0.07866325216553494, -0.2596869580089105, -0.14644175902191625, -0.10287153466976706, -0.05171274472975029, -0.23956582090862355, -0.2598840528061498, -0.056489885860647404, -0.08000543611969646, -0.09328183201251548, -0.5001404367371247, -0.1562419877237715, -0.6328590777914196, -0.3391179586012667, -0.018285627399003745, -0.5391094437195623, -0.0515141581844617, -0.07439762071624267, -0.02634842302041307]","[0.10289198900782183, 0.003959281439843565, 0.003959281391490784]","[10.0, 10.0, 0.0]","[0.0, 0.0, 0.0]","[2.1305650231435607, 0.27662144197181326, 0.8450504248614746, 0.20782645199148736, 0.2298815885946749, 0.20889305830323857, 0.21601838063372134, 0.20001866216228187, 0.7626624062772644, 0.9986539272880861, 1.0597264514888796, 0.8962457719352377, 1.3159080924908952, 1.4681942891696425, 1.314212440869505, 1.5517248427421408, 1.8088196298992316, 1.668597024518104, 1.0506813066933849, 1.9508825789774928, 1.532929519665624, 1.8786037045303565, 0.7626624096602076, 0.24106859375637163, 1.9838799825486364, 1.7345926798622093, 0.6245937566168155, 2.059743633715487, 0.34239675090024946, 2.088499432121022]"
21,0.0018311645252885346,0.18650626134808887,0.18467509682280034,-0.18467509682280042,"[-0.12837509367855482, -0.155641811982695, -0.2619562562815385, -0.005726123395618288, -0.22447938909279275, -0.30973520887686945, -0.2062784116299177, -0.0811102986745138, -0.014396140485338549, -0.1600170815379931, -0.24318709925886917, -0.28886843180150934, -0.300885000778746, -0.18544636821625682, -0.015677564741868766, -0.1258076133502114, -0.21839746391813075, -0.701628835845991, -0.06753521560894549, -0.2802197441004025, -0.3793874620926032, -0.09382362029949443, -0.41005957982938224, -0.25772502701238764, -0.3724724931475438, -0.3144666867084587, -0.1047671182098327, -0.030521836380888345, -0.07615438816723596, -0.015570518769931097, -0.0947127030759162, -0.08591522533644269, -0.39751629150077417, -0.3256572716913466, -0.05153372953915358, -0.008122037777690272, -0.04045392759257682, -0.446132718878572, -0.017804278655723316, -0.03100624839392213, -0.3566619454145732, -0.3364371160893762, -0.10482881578918912, -0.00861288125008186, -0.035442175658573216, -0.052482688984016534, -0.5897259377036459, -0.19277175200127195, -0.041084504783940545, -0.3923113597087702, -0.21916115400692848, -0.5838459300965397, -0.14732405278391125, -0.027083157503403066, -0.13976279092021793, -0.048464365934171916, -0.09946050502631021, -0.16969951891054275, -0.6559018308356253, -0.03995228303245035, -0.03201993296047534, -0.38844016438165674, -0.020534691215646772, -0.22088692733224247, -0.10829398364283743, -0.18766216033735839, -0.03738475431271704, -0.7869161043040598, -0.13567632339078317, -0.024808400404203262, -0.03138000197524082, -0.5081790195084883, -0.09803525969089733, -0.011051089522863045, -0.11287276843048555, -0.09289451193293585, -0.16195945519703536, -0.31930067992536715, -0.10465134786344565, -0.16577770455197194, -0.21124926425170587, -0.2865044526236031, -0.14644246143527462, -0.05430782202165885, -0.2155414791290668, -0.06103749101787104, -0.2704466902001118, -0.050400158960731134, -0.13809839698699855, -0.09298640668226218, -0.36480845997308187, -0.18981478152179154, -0.12880195910518832, -0.15406133059790994, -0.21140223410078185, -0.06358488287580322, -0.0510952333932031, -0.227091167000797, -0.046247549948522315]","[0.1762070339808868, 0.12843093931036179, 0.12843093774189715]","[10.0, 10.0, 0.0]","[0.0, 0.009821900211087784, 0.009821900091137693]","[5.217746861819355, 1.3423454151930059, 0.26767556460794883, 0.45215028929788076, 0.14302801283561772, 0.2685438308701057, 0.13360269154486876, 0.22362742648711956, 0.7293016481073324, 0.8658162296380792, 0.6097523033487494, 0.5044909067835931, 1.1408287794818555, 1.6457012073041948, 3.2620430631047843, 1.7246229118402874, 2.8361073171282043, 1.7072044998516445, 0.7836206815308588, 3.6394894797039665, 1.7108766434471958, 3.16446134873874, 0.7293016566315522, 0.49686127582019246, 3.90730211285278, 4.224953867008056, 0.7010179414297573, 4.527162484143427, 1.1368914324111123, 5.038847993241999]"
22,0.058537823097863685,0.18650626134808887,0.1279684382502252,-0.12796843825022527,"[-0.39802121765063747, -0.15564346716836486, -0.05892104903625883, -0.005727530904767075, -0.1027856546504392, -0.076351429623152, -0.21796682668186335, -0.08111044334557294, -0.20564117501227566, -0.12929699779835896, -0.11628967726582218, -0.015266109488198731, -0.30088743095209436, -0.34374198844251125, -0.09238885240016104, -0.10325478162453339, -0.10211189016716293, -0.16227654454192653, -0.06753509353141784, -0.03913428575468303, -0.3820950455157566, -0.09382374078944, -1.0940735143084264, -0.3958727531422762, -0.09293747785629014, -0.04789093122105026, -0.10285811008763401, -0.12946168184929552, -0.34024281161629344, -0.12754921764481858, -0.01251546345239829, -0.08564027093917137, -0.1679327393377288, -0.11437792293859572, -0.16570130535665673, -0.1550937042593058, -0.017256831097362646, -0.06484975829528805, -0.01780436375179395, -0.004555069248111554, -0.12037280437147357, -0.0970344133724661, -0.021350953540184126, -0.008612822614908033, -0.035441538344934465, -0.05248275974032579, -0.1090298675945276, -0.044943817324666124, -0.3500641225343548, -0.09813815489764943, -0.0677286626950222, -0.30519635493753183, -0.05051963678864968, -0.028911628447894522, -0.1397632407659899, -0.0181838388057729, -0.0994607962970131, -0.14181240434296793, -0.4917513843648891, -0.03995264385263786, -0.02969953307857187, -0.1106158850543687, -0.020535040388742765, -0.015808931950121285, -0.06890032832587067, -0.19420699396355318, -0.02138946994315427, -0.23919928294492543, -0.023892851104831747, -0.022671378982329404, -0.03138005447436143, -0.1860634991898764, -0.09813556200378826, -0.019224881316388387, -0.04593308317127054, -0.04854029393501434, -0.19267162575103014, -0.35950209923139526, -0.1046507453733243, -0.05487918022877869, -0.05019487621876584, -0.034247339122399634, -0.14644179253176715, -0.05430799677411757, -0.2156608844383187, -0.22575188857710748, -0.06421233147042349, -0.11709828095883829, -0.05737056454769934, -0.11503258126511737, -0.3648092416965252, -0.16502974165348872, -0.12880177721270414, -0.15406147013787308, -0.014309205782323753, -0.06358438977756009, -0.050065091904938686, -0.020652570407246884, -0.03170563750163219]","[0.1611850547763528, 0.0, 0.0]","[10.0, 10.0, 0.0]","[0.0, 0.009829089114496073, 0.009829088994458184]","[2.9802127869805606, 1.1040473706664966, 0.39829466882520703, 0.45190390712519996, 0.16619594098962157, 0.27053533853552725, 0.15768448069929858, 0.23957451216335687, 0.6338181923238226, 0.981166449073259, 1.0482188292748378, 0.6031809940784475, 2.0487000518108314, 1.2945599365404623, 1.4007195846441767, 1.5553555278789952, 1.9595227517850509, 1.889875243844333, 0.8093537084972392, 2.4517797121521507, 1.4615374928297946, 2.2717508980469994, 0.6338181964656093, 0.4567030627066973, 2.4543197104064203, 1.8948170218585416, 0.5072230564590102, 2.711921822703231, 0.8590991456612614, 2.8236029864958136]"
23,0.08426632550316467,0.18650626134808887,0.1022399358449242,-0.10223993584492427,"[-0.12837376933565103, -0.1556416249480459, -0.05892378834934897, -0.00572622467364603, -0.15920815361526808, -0.0763512876636665, -0.26221170399817706, -0.08111061421716181, -0.014396005885822794, -0.14614558752348125, -0.11628999952685515, -0.011335034516020137, -0.3008855459694426, -0.09347518928208931, -0.01567713928721637, -0.009034186635934915, -0.10211195726406919, -0.16227655872872448, -0.0675357034348314, -0.2899702457090805, -0.382095043585662, -0.09382351587325877, -0.4100636155182986, -0.4264812986897173, -0.09293652057078239, -0.047889590454717634, -0.10285816287286709, -0.026263639613403278, -0.07635585662297684, -0.1275492488310475, -0.012515384909896343, -0.054990037211958054, -0.16793387087719758, -0.017332244879958214, -0.051536457439350425, -0.06076295223600281, -0.01725776770824128, -0.06484899329151617, -0.017804365158021973, -0.004552042777402343, -0.12037367633189167, -0.0971149455152589, -0.03827112084776674, -0.12353637458644706, -0.042725144944731897, -0.05248338854804557, -0.4809310952399036, -0.044943789077796836, -0.04108486938606859, -0.09813842628562419, -0.06773047446201375, -0.004463374232355211, -0.02599095860005529, -0.02891152831497168, -0.13976269373243166, -0.49646765578547836, -0.09926800599597807, -0.004005638649167476, -0.22761141133978313, -0.03995239193397415, -0.02969891224976351, -0.11063826868794446, -0.030120316503093214, -0.013875856418167576, -0.20928654672009467, -0.11733297055115743, -0.031017309576909735, -0.23919792934461315, -0.0805202517939021, -0.02267149402696944, -0.27749321251067793, -0.18606361265232874, -0.036656368055443034, -0.019224885207182074, -0.04593300121476762, -0.1139131262953531, -0.014862231335655451, -0.008254640310901618, -0.10465073127423619, -0.10068841498146253, -0.0883557053452288, -0.15185953770843935, -0.07689355475130644, -0.0543093908384098, -0.05171232689973149, -0.06103721546858676, -0.06421201367158624, -0.04776897059535773, -0.03394548582215773, -0.0062640941391926, -0.3648105886336852, -0.07700098231723285, -0.12880204978043341, -0.15406335851132535, -0.03410939875828045, -0.06358389722506219, -0.049697842175382645, -0.020652299580873557, -0.014276963218050276]","[0.0, 0.8563347317759998, 0.856334721318]","[10.0, 10.0, 0.0]","[0.0, 0.0, 0.0]","[2.110614183221566, 0.30028797652711947, 1.3941840750175791, 0.2960286152486478, 0.31990433436882454, 0.2854824696735345, 0.312671811364763, 0.28514739673511674, 0.7323834510711695, 1.1270456854645463, 1.612591164166655, 1.1073868086533736, 2.072952549702526, 1.3789665502247355, 0.7655043068949837, 1.6981101988962584, 1.7396769299296444, 1.966575044533507, 1.0494477245525209, 1.9841488096104292, 1.5298545251169418, 1.9411987536494675, 0.7323834532742362, 0.2956905793254666, 1.9378113754008601, 1.3099094287275561, 0.49311316219255763, 2.026404881388544, 0.3056005375771011, 2.0217440956298103]"
24,0.09651757770953451,0.18650626134808887,0.08998868363855436,-0.08998868363855445,"[-0.12837364115581806, -0.19115410440668146, -0.05892060876883365, -0.0183475399009283, -0.08946554535213869, -0.07635122930117522, -0.014807362180736083, -0.08110975769659223, -0.014396146639497731, -0.040980986654281626, -0.1162832719746576, -0.01037690968694549, -0.30088501110025323, -0.18311039243294724, -1.4015117509869057e-06, -0.009034578891964573, -0.10211189005775267, -0.1622763399103131, -0.0675350935686464, -0.2802245531754368, -0.013675496348054317, -0.09382363485652423, -0.4100609951116474, -0.6082367706902894, -0.222145961284595, -0.04789028722768851, -0.10285850697901622, -0.062218302204883225, -0.1340648448810457, -3.90851699555439e-06, -0.012515615097748567, -0.03608508342963335, -0.1679324479883424, -0.12200585869435643, -0.05153405113369969, -0.008122060267847786, -0.017256900813925835, -0.0648490341574739, -0.017804360855522283, -3.5751429414143665e-07, -0.12037264160724348, -0.09706436441622923, -0.021350859085319085, -0.035162090962128856, -0.03544176199087046, -0.05248338854804291, -0.2736878527059226, -0.044943806334164504, -0.3869718766764981, -0.09813806811047598, -0.06772861732338331, -0.004463433332533295, -0.025990914091400308, -0.02479321265170864, -0.13976269104862782, -0.018184179153213798, -0.0994608193943376, -0.1357485563272427, -0.2276110756805454, -0.0399524092408754, -0.029698810653141283, -0.11063836951816797, -0.02053482704831211, -0.013876533189578044, -0.023456595088011345, -0.1173329705511591, -0.02138961967488351, -0.23919935963544514, -0.02389270763678164, -0.022665664839985666, -0.031380199952585563, -0.18037674272459547, -0.035370834397896456, -0.011051197554380887, -0.04593303544759397, -0.045532138188553506, -0.014860013076256617, -0.008254531296672418, -0.10465062442147333, -0.054878415067296515, -0.10651314760626823, -0.03424981209315536, -0.12046168344078667, -0.05430732535201854, -0.05171212433181882, -0.06103721674414064, -0.0642123746137433, -0.0459333287925654, -0.03394533791711596, -6.883067362739581e-07, -0.3648095742167907, -0.07700093102744243, -0.3164915455298054, -0.15411682615775302, -0.013926483159310665, -0.06358406089577695, -0.049645258358775424, -0.02065254120998783, -0.033162769398429104]","[0.0, 2.726934345445811, 10.0]","[10.0, 10.0, 0.0]","[0.0, 0.00990850960828572, 0.009908509487277907]","[1.277593322633225, 1.088351079135188, 0.7311362757980946, 0.5720875279689823, 0.27914378211445795, 0.39291145930858673, 0.27483388357090915, 0.3643937451481546, 0.6340424604946945, 0.7511431277781242, 0.8216926624953339, 0.6327503661513172, 1.046669371609418, 0.9079912993310787, 0.9155162047995621, 0.9812675600583606, 1.0856788141831197, 1.0647447233206078, 0.6994566575378426, 1.1842096570369034, 0.9446580874807666, 1.148831244863113, 0.6340424632492717, 0.5798592258739567, 1.1872757082670227, 1.0442347395722413, 0.5932994054953825, 1.2334024460319926, 0.8634047848414957, 1.2486533062366927]"
25,0.12862473036347385,0.18650626134808887,0.057881530984615015,-0.05788153098461511,"[-0.12837353340371704, -0.08476680733308739, -0.0589202111374596, -0.005726256628482584, -0.08946573781846356, -0.07635147301454381, -0.01480742589832218, -0.08110963549163586, -0.01439611602708113, -0.05267197187020922, -0.1162902071053149, -0.01037669181454981, -0.30075652710031253, -0.09347526468938128, -0.07525019593071647, -0.009034323406007072, -0.10211168489417854, -0.1622756896706976, -0.06753497496330663, -0.2802240255728029, -0.013675372695966193, -0.09382344959721989, -0.4099054617238336, -0.02451880468654588, -0.09293828557299122, -4.753997003170696e-06, -0.10285826388455144, -0.026263833223705957, -0.0763559987725605, -0.01557061653200642, -0.012515590807308352, -0.036085801580174826, -0.16793323700912666, -0.017332108556708636, -0.05153340273695006, -6.936234634213889e-06, -0.01725661645667742, -0.06484952022599622, -9.058707268749799e-07, -0.004552049343579556, -0.1203727954853071, -0.09711362318438743, -0.021350749041082917, -0.008595048640533287, -0.035409312246940106, -0.05136534134530679, -5.112395573547701e-07, -0.04494394023612802, -0.04006578210836498, -0.09813803501899443, -6.420744840696102e-06, -5.342668090158043e-07, -0.02599065164393566, -2.4254222308339735e-07, -0.13976343524434576, -0.018184110476020976, -0.09946062986124349, -4.44401310528697e-07, -0.22761115685844358, -8.652912660833678e-07, -0.029699006018038432, -0.110618346930896, -0.020534827698392988, -0.013875909360674843, -0.00584997946943, -0.0041714714080285376, -5.274262679932917e-07, -1.5594026478993328e-06, -0.02389264791086232, -0.022671349135918728, -0.03138011353512171, -2.104096674226952e-06, -0.02559691745243131, -0.011051115624628127, -0.045933014784407256, -0.04553221099332638, -8.785685956524958e-08, -4.852029888979814e-11, -0.1046506102528868, -0.05487851643220809, -0.05019562348735773, -0.03424707947316241, -0.05969874523787322, -0.05430769836627625, -0.0517120997941396, -0.061037462029888356, -0.06421239158530145, -0.03166067065457534, -0.032604559239396425, -0.006264045181827105, -0.3633183026990636, -0.07700093022375931, -0.12880155466939502, -1.3209692475868451e-05, -0.014308841793409632, -8.010440609718117e-07, -0.049618944452843095, -0.020652655000752418, -2.2438575356664714e-06]","[0.0, 0.04291068304011429, 0.04291068251606697]","[10.0, 10.0, 0.0]","[0.0, 0.009834326426875727, 0.009834326426875727]","[2.9075048595002837, 1.207722556587825, 0.293948043264846, 0.4747139724866586, 0.14022018383829735, 0.2608457949199913, 0.13570677531411812, 0.22880811964601241, 0.9020202012669869, 1.1272501038123572, 0.6980294613610107, 0.38351763329284144, 1.2738355954942426, 1.5174082822420991, 1.96156059738704, 1.1037065921132378, 2.0271918594875276, 1.5851646647077144, 0.7860132455267247, 2.1321437818541935, 1.3218802018196059, 1.873867228082815, 0.9020202122280996, 0.4902925388372042, 2.4321924651913625, 2.348000781768609, 0.7172300482732176, 2.6585873633747505, 0.9802570298990646, 2.8113854898838073]"
26,0.16865613389370276,0.18650626134808887,0.017850127454386105,-0.0178501274543862,"[-0.029290029035105913, -0.03893718402540314, -0.016349986356076762, -2.0621616414473465e-07, -0.015172649715724518, -0.007859449397261908, -0.004397101414377991, -0.013653109796177176, -0.00424862884457089, -0.09904538630535265, -0.2220028405199792, -0.003200183914140453, -0.07618222945315978, -0.020269170662623903, -0.004713963712613234, -5.036523360590905e-07, -0.02382273116791156, -6.551955165745582e-06, -0.017023045254089375, -0.008926166666329616, -0.0038961160484471957, -0.02426770677942658, -3.195922920795624e-05, -0.007424172869244572, -0.025995895872925168, -0.014465008799873225, -0.08026951608085753, -3.4311287144817015e-09, -0.02024098349545511, -0.004603071740092668, -0.003627573371249637, -0.0034245083656223585, -0.04163824107039993, -0.008694443017223108, -0.014869430137546935, -0.0024473542013971894, -0.002733719681452751, -0.01801756754845174, -3.392668856960768e-08, -0.0012933404698022288, -0.02920885675887952, -0.02524453732736842, -0.00450539617844492, -1.727718856869842e-09, -0.00572726353566666, -0.006624134050289943, -1.0038672075829425e-06, -0.012400258314879009, -3.5855558522257525e-08, -0.025909419076576512, -2.5802782566586302e-05, -0.0013979889264539302, -0.007411787782044543, -1.6601648497593935e-07, -0.033630011636796464, -0.026426722810722225, -0.027194196488558475, -0.06801188298625171, -0.057879984131448126, -1.4848691165525452e-09, -0.008733915513150503, -0.030728639702534144, -0.006094531742498077, -1.530549371686618e-07, -1.887379141862766e-15, -4.773078741915349e-06, -0.006558852855267361, -0.05998715126459686, -0.007092552061246371, -0.006692616777014493, -0.005412588759315273, -0.045909293206809476, -0.008393695763174946, -0.0031751361795133715, -0.012162013775403713, -0.011408813415865415, -0.0045010669699014905, -4.121604530560319e-06, -0.02628637336177375, -0.015159296809085898, -0.013974060020228052, -0.010003482662607421, -0.015170010885245722, -0.014319099710048855, -0.01410246045016339, -0.016430308782697356, -0.016610935224724566, -0.008534359476042641, -0.009380659128522817, -0.0019014286717760065, -0.09579295346085814, -0.019208268562978636, -4.102718232701363e-06, -0.022126592300331982, -5.825884095145284e-07, -0.018632126588773, -0.01407265351443543, -0.003951731402950687, -4.718447854656915e-16]","[0.0, 0.0, 0.2765296675958983]","[10.0, 10.0, 0.0]","[0.0, 0.009829351853679998, 0.009829351750893264]","[4.423364271902956, 1.3420686729262878, 0.360678831593266, 0.5305872783926442, 0.1658379304334867, 0.29123573855111257, 0.1571785158184366, 0.2539580227470152, 1.251180580516425, 1.6389824475318862, 1.070765745841278, 0.6065613612073788, 2.2322966096127863, 2.193629471672892, 2.731686633872194, 1.803373641802498, 3.0058775600992824, 2.3754473596524446, 1.1339997580275822, 3.345987847063725, 1.9912709117438616, 2.9830541664872583, 1.251180596006061, 0.5460580306086645, 3.6602368740780373, 3.402663078880941, 0.9410306349621818, 4.024844102368994, 1.1348915496292697, 4.255147966867669]"
27,0.17440314171646124,0.18650626134808887,0.012103119631627635,-0.012103119631627706,"[-1.5306982152907267e-06, -0.03852817564237876, -1.6064500387713565e-06, -0.0011301307456821341, -4.276357500998529e-05, -0.017328324189197275, -1.3390212716402061e-08, -0.013653116837040624, -0.0032604571679533123, -8.787113148223114e-09, -0.031037194752030928, -1.1111139901487377e-06, -0.07618734469195054, -1.8080195340886007e-07, -0.0029963563426576023, -0.004226812225204268, -0.026067785258945264, -0.0407315274162805, -0.017014257329909244, -1.5805124575773988e-07, -0.0029809986834359314, -2.9937833896376276e-06, -0.11193590432816247, -7.44021041665377e-07, -0.02059330192540898, -0.009709548476058316, -0.08344833631978377, -2.4238089296746423e-07, -6.166128496687406e-09, -0.0032394921863903026, -1.2396000184877742e-05, -0.007899545376389261, -0.0416389811625546, -5.823510562663614e-10, -0.011018812811172118, -0.0016523201055589354, -5.195854349882012e-06, -0.014387428483602083, -3.782405162411351e-07, -1.229208336922527e-07, -0.02875322227517474, -0.005442255696562537, -0.004471461218389372, -2.1261955929219312e-07, -0.008330432708860025, -0.012662465466715123, -2.148105862076477e-07, -5.318595508452262e-07, -1.2360805912159378e-06, -0.027068363477175783, -0.014188429448537043, -6.167523842748324e-07, -0.00561695647439886, -1.4553524033678045e-06, -0.034568027837265536, -7.348555731478967e-06, -0.013037429333171868, -0.0022675219948569136, -0.02088962903832403, -0.00844520363416823, -0.00621350799546061, -1.9689679888745815e-06, -6.496608186967734e-07, -0.0028455589820430838, -0.0008857637139718655, -3.6073227227539917e-07, -2.3624817657719177e-09, -0.05913102457118802, -0.004945509459369557, -0.004729337256725419, -0.006536998172760544, -3.5050939928282787e-10, -0.008393685734646716, -6.092981582606072e-07, -0.010515938542445591, -1.588617907000156e-06, -3.0102831420908416e-06, -0.2197940017811304, -9.683454986753048e-07, -0.012307961862518813, -0.01117247522726994, -1.5807233988418545e-06, -1.100109283669326e-07, -1.121209969312531e-08, -0.011772161629521882, -0.014073936107339424, -0.0012691365727444115, -0.00487569154113221, -0.007622785634377571, -0.0012676579188245496, -6.4876709533479016e-06, -1.3794806124067804e-06, -5.261311386561829e-10, -0.025207250330756104, -0.00264815335047186, -1.043408914824795e-09, -0.011436116845555677, -0.004056511972207799, -3.2913274944368354e-07]","[0.0, 0.7822529152432871, 1.6473563959930437]","[10.0, 10.0, 0.0]","[3.164926994934768e-07, 4.511727123582062e-07, 0.0]","[1.1775700709365735, 0.014428690308584737, 0.14664820210315113, 0.0114626030171688, 0.017428877991273774, 0.011671396015620793, 0.015625624731019867, 0.011249772474359584, 0.06873227895161037, 0.13880041523270953, 0.2787036481193655, 0.1527190467875733, 0.5261314436786911, 0.3140650510843569, 0.2163919221831861, 0.46552726237979253, 0.6139154114472702, 0.5963948094584078, 0.15269415785007842, 0.8674665639019592, 0.3905078076332805, 0.7762817709213472, 0.06873227930204415, 0.012675651431474366, 0.871110527424238, 0.5106827094093669, 0.044079691642088616, 1.0168651581099175, 0.0180783473305914, 1.0711339467588628]"
28,0.1739931025535984,0.18650626134808887,0.01251315879449047,-0.012513158794490574,"[-0.02941552824424143, -2.4019865398905438e-06, -0.013054743112769884, -0.0011300606777964184, -0.021219605156042043, -0.01732931752729927, -7.754580777508124e-08, -0.01831265262070758, -2.7538151092798557e-08, -0.008794007815770999, -0.02651677755918236, -7.59838948649616e-07, -0.07618737779872653, -0.02173985617026908, -1.4937076997512122e-07, -2.6057851942873356e-07, -0.02606863631048162, -0.04073220074820494, -2.313659511310462e-06, -0.008926584328910803, -5.8432205740643894e-09, -7.736016272019697e-10, -0.11193599523148379, -0.004956635873071935, -0.02059379592981081, -0.009709486586995553, -0.06921097438731749, -0.005949421041477443, -0.020606057327112737, -0.003239058249917992, -5.972183468871961e-07, -0.007896365780351466, -0.041638542963219116, -0.00342777513317305, -0.011018882160897192, -0.0016524113011087138, -0.003425449264550462, -0.014477834094833941, -0.003622056155073494, -3.3723307485411524e-07, -0.029209486595062728, -0.02245383894419728, -0.004505584103370319, -0.0016452462943039592, -0.008330465938199971, -1.6824560633565966e-07, -0.006177808757024117, -0.010120267681340112, -0.009386068852134777, -0.022102357110101778, -0.014188452164934695, -0.0008521628368454159, -8.569390207435745e-07, -5.6549359317426e-07, -0.03457187622360669, -5.918052137232621e-07, -0.027198124790487332, -3.979508800266984e-08, -0.057623422067254015, -0.00573638590716774, -0.006216611583831799, -0.024406480526344088, -0.004251018440836862, -4.506006012761077e-07, -5.501738874480466e-07, -0.0008259156931200717, -0.004260131177471926, -4.577815229112048e-07, -0.004944807167227783, -0.0016357901981356449, -0.006537137870346044, -0.04591050612733527, -0.008393981324404054, -0.002382363077508054, -0.010515909673310064, -2.784285810797371e-07, -8.794249883870009e-08, -0.001569713722394006, -0.026291583451610645, -0.012319153754854817, -0.011174111746080184, -2.354973065443744e-07, -0.015170644418943224, -0.004589236908047356, -4.440892098500626e-16, -0.013957729163271981, -0.01661508820325852, -6.269814286752329e-06, -0.0026828582418132463, -1.9090786063102883e-08, -3.540023724823982e-06, -0.019208690590679423, -0.028987092541336246, -0.037130090223686185, -0.0027835825681792326, -0.013364529151567162, -0.011435855746463774, -0.00433134139898228, -8.492848757590821e-08]","[0.0, 0.02011902816290776, 0.02011902791720385]","[10.0, 10.0, 0.0]","[0.0, 0.009951909100968999, 0.00995190897943117]","[1.619009519944766, 0.04716732181862326, 0.5405017296522138, 0.04843464843198171, 0.06827285698860115, 0.046458035955493415, 0.06452485153574707, 0.04660518521509139, 0.25443190674338173, 0.5470484983889563, 0.929208207111284, 0.4593646824095251, 1.6642340984884663, 0.7340353294750224, 0.24374588786772036, 1.010255727053895, 1.1116535333397548, 1.4009324096888776, 0.4466036271072709, 1.4090711411722714, 0.8575863317648096, 1.3398822282985468, 0.25443190805018034, 0.04760514387723697, 1.364932727318154, 0.6389206137574152, 0.11836142883332253, 1.4909657784164405, 0.049693670429534605, 1.4794053833408807]"
29,0.18248099437880877,0.18650626134808887,0.0040252669692801,-0.004025266969280189,"[-0.007165619415396396, -0.009739383814934666, -0.003413470755696313, -0.0003086829190404039, -0.005356567637807785, -0.004453124462356239, -1.049492103888383e-06, -0.0047275125161729825, -0.0007018704930716879, -0.030943836990454554, -0.006811878795872861, -8.478401773981403e-07, -0.01945756488456052, -0.005334444381031922, -0.0007400131826034162, -0.0004286636095476304, -0.006687948527911214, -0.01035731033803966, -4.7613737148566315e-05, -8.806491091917223e-10, -0.0007129980107918321, -0.005561770651251408, -0.02973738413125293, -0.0013404174768134602, -0.004945225591952873, -0.00262209991654494, -0.0061248438605225886, -0.0014427101165566114, -0.005433517509047192, -0.000756365088140365, -3.203450760436155e-06, -0.0018872224580193109, -0.01052824574763811, -0.0009350453513370383, -0.002913103949520046, -0.00038237705036392455, -0.0007839244212823893, -0.003754526413864312, -0.0009767003434881794, -0.000254793698833633, -0.007306663432123273, -0.0025760795180871376, -0.0011978518701143415, -0.00040194915323921165, -1.1084436148944832e-06, -0.0031628567473717117, -0.0016264767283824533, -0.002449803577706522, -0.002408883901153569, -0.005705098348630422, -0.0037816333759366216, -0.00019653639525918365, -0.00133411493960911, -7.771523646837863e-09, -0.00873857319758109, -0.000817912772128615, -0.007233018040740058, -0.0038316862558868126, -0.014817305790779667, -0.0022410264198584606, -0.001657316062293468, -0.00822725204376673, -0.0009904483212606063, -0.0007654437214448251, -3.117752128689588e-08, -0.00022504758288643956, -0.001158271217945206, -0.014929182351787418, -0.001151705516747592, -9.032610188697276e-07, -0.0017458455985663868, -0.01158363981474686, -0.0020458425536429292, -5.896430462781765e-07, -0.0025628090020197725, -0.002824563587606743, -0.000812252635443711, -0.0004351077906998846, -0.006694651376310201, -0.0029738349677752574, -0.002902168288790863, -0.001699873588433931, -0.003882005444584946, -1.0232995242276388e-06, -0.0030266301434087595, -0.003600254937150993, -0.004297683837599653, -0.002129301516209492, -0.00184192657069282, -9.208364515345124e-07, -0.021808318668354865, -6.927328363182106e-05, -0.007488835033440999, -0.009290093125411847, -0.000631670460925049, -0.003556534869666006, -0.0027337076773414903, -0.001153784896319232, -2.1866198407494153e-07]","[0.0, 0.34818038641299953, 6.282242455167166]","[10.0, 10.0, 0.0]","[0.0, 0.00993989582749055, 0.009939895706099435]","[2.2055828555918415, 0.09003553777612805, 0.41834548839003316, 0.0895433833335947, 0.09277413206104546, 0.07076417164731039, 0.08473548586716793, 0.0713463837883654, 0.8322882164213505, 1.2684731846365571, 1.113242985074421, 0.5815447405467733, 1.8551599919237154, 1.5545618360607163, 0.7696955365326562, 1.3168614584406608, 1.88207296291742, 1.872558855825391, 0.9489616714579444, 1.9111123799434762, 1.456527745671516, 1.7887145590180458, 0.8322882239184541, 0.08439196872880671, 2.0548144160110717, 1.396363926257792, 0.4431995354626266, 2.131917040537248, 0.11116815092028, 2.1159156907992718]"
30,0.18256674982708082,0.18650626134808887,0.003939511521008049,-0.003939511521008108,"[-0.007163598373086, -0.00973625067531092, -0.003169619755532427, -0.00025815852719413, -0.005249719630733729, -0.004214127278745927, -1.3792558206660033e-09, -0.004429307287908468, -6.287117937375797e-09, -5.947493497693301e-09, -0.030782478824321835, -1.039226482646427e-10, -0.01945325867307801, -0.005333888794517794, -3.547507088086377e-08, -0.0004286275763365488, -0.006688741630583195, -0.010355290842393394, -4.912610700014142e-06, -0.002173868814706159, -0.0007129728305947935, -2.3264028614633503e-07, -0.029734455374431867, -0.001142228045521776, -0.004942445402801976, -0.0022424572979975466, -0.04803622784273953, -0.0014432586915549273, -0.005433390292199691, -8.17875982050964e-07, -2.3438723562030361e-07, -0.0018859192349953702, -0.010528858316271261, -0.0007833233614373825, -0.0026016100691825805, -0.0003823780496527984, -0.0007840739092257465, -0.0034867933016307084, -0.0008378675374989264, -3.5267578180064874e-07, -0.007305938441437121, -7.277694500373855e-07, -0.0010572402070554432, -0.00040217020850841223, -0.0020558320471029123, -0.00316236191608521, -0.0014653835523761316, -0.002449331244620989, -0.002283958606719594, -0.005706467407019744, -0.0033212179110240214, -8.766187642450518e-08, -0.0013333795096575063, -2.667482608131877e-07, -0.008738842210012088, -4.111291307395959e-07, -0.007233017896473015, -7.092195719593519e-10, -9.889608305613251e-07, -0.001987461865859075, -0.001454690125955338, -0.00822752711623087, -1.7004076247051358e-06, -0.0006602903886716582, -4.05571565220697e-09, -0.0001889935515144714, -0.0009781089773213125, -0.014925536886623014, -0.001151947495724226, -7.130326817872401e-08, -0.0015283203478881902, -0.011583876120033754, -0.002045483559938832, -8.909574332749415e-07, -1.136240171062397e-06, -2.220446049250313e-16, -0.0006924442233309236, -0.00035365777907303553, -0.006692204493498499, -0.002973508144914483, -0.002687138183415261, -2.265370248277776e-06, -0.0038819135980960873, -3.120202212159029e-07, -3.6475818276926475e-07, -0.003437041665453666, -0.004297066697743546, -0.0021292329056570303, -0.0018411506849120851, -2.3534396653701606e-10, -0.02134447400077555, -1.916834108772747e-06, -0.007008204308482924, -0.009268280012853403, -0.0006302917856950696, -0.003135873782387222, -0.0029430898939696304, -0.0010157498074669924, -2.3210622313030171e-10]","[0.001449570554457249, 0.001449570554457249, 0.020783822007883916]","[10.0, 10.0, 0.0]","[0.0, 0.0, 0.0]","[3.0007320939420645, 0.08492232796907685, 0.26725173265386526, 0.03775214118612653, 0.048131678929495395, 0.036571265326174045, 0.04055077952738788, 0.03256526277327394, 0.4134178685421338, 0.6730418636890634, 0.6346882188994875, 0.4221410226357571, 1.1379765291356365, 1.2400912580316694, 1.446004478404065, 1.2794913613542693, 1.9505032841253058, 1.460230923660401, 0.6220522527995201, 2.309527116022923, 1.2944362356099204, 2.0753175921956233, 0.4134178723238312, 0.05069099760484093, 2.461934436325485, 2.2181432941475987, 0.2908984001827406, 2.7261624304991794, 0.1294634199062637, 2.8946190178384756]"
